[
  {
    "timestamp": "2025-11-18 23:06:24",
    "src": "192.168.0.104",
    "dst": "74.125.250.243",
    "protocol": 17,
    "payload_len": 241,
    "type": "safe",
    "alert": false
  },
  {
    "timestamp": "2025-11-18 23:06:24",
    "src": "192.168.0.104",
    "dst": "142.251.223.14",
    "protocol": 17,
    "payload_len": 76,
    "type": "safe",
    "alert": false
  },
  {
    "timestamp": "2025-11-18 23:06:24",
    "src": "74.125.250.243",
    "dst": "192.168.0.104",
    "protocol": 17,
    "payload_len": 169,
    "type": "safe",
    "alert": false
  }
]